year,iso,country,election,green_code1,green_1,green_1n,green_code2,green_2,green_2n,left_code,left_1,left_1n,social_code,social_1,social_1n,social_code2,social_2,social_2n,right_code,right_1,right_1n,right_code2,right_2,right_2n
1990,AT,Austria,07/10/1990,green1,"The-Greens  
Green Alternative","Die Grünen –  
Die Grüne Alternative",,,,,,,social1,Socialist Party,Sozialistische Partei Österreichs,,,,relig1,Austrian People’s Party,Österreichische Volkspartei,,,
1994,AT,Austria,09/10/1994,green1,"The-Greens  
Green Alternative","Die Grünen –  
Die Grüne Alternative",,,,,,,social1,Socialist Party,Sozialistische Partei Österreichs,,,,relig1,Austrian People’s Party,Österreichische Volkspartei,,,
1995,AT,Austria,17/12/1995,green1,"The-Greens  
Green Alternative","Die Grünen –  
Die Grüne Alternative",,,,,,,social1,Socialist Party,Sozialistische Partei Österreichs,,,,relig1,Austrian People’s Party,Österreichische Volkspartei,,,
1999,AT,Austria,03/10/1999,green1,"The-Greens  
Green Alternative","Die Grünen –  
Die Grüne Alternative",,,,,,,social1,Socialist Party,Sozialistische Partei Österreichs,,,,relig1,Austrian People’s Party,Österreichische Volkspartei,,,
2002,AT,Austria,24/11/2002,green1,"The-Greens  
Green Alternative","Die Grünen –  
Die Grüne Alternative",,,,,,,social1,Socialist Party,Sozialistische Partei Österreichs,,,,relig1,Austrian People’s Party,Österreichische Volkspartei,,,
2006,AT,Austria,01/10/2006,green1,"The-Greens  
Green Alternative","Die Grünen –  
Die Grüne Alternative",,,,leftsoc1,Communist Party,KPÖ,social1,Socialist Party,Sozialistische Partei Österreichs,,,,relig1,Austrian People’s Party,Österreichische Volkspartei,,,
2008,AT,Austria,28/09/2008,green1,"The-Greens  
Green Alternative","Die Grünen –  
Die Grüne Alternative",,,,leftsoc1,Communist Party,KPÖ,social1,Socialist Party,Sozialistische Partei Österreichs,,,,relig1,Austrian People’s Party,Österreichische Volkspartei,,,
2013,AT,Austria,29/09/2013,green1,"The-Greens  
Green Alternative","Die Grünen –  
Die Grüne Alternative",,,,leftsoc1,Communist Party,KPÖ,social1,Socialist Party,Sozialistische Partei Österreichs,,,,relig1,Austrian People’s Party,Österreichische Volkspartei,,,
2017,AT,Austria,15/10/2017,green1,"The-Greens  
Green Alternative","Die Grünen –  
Die Grüne Alternative",green2,Peter Pilz List,Liste Peter Pilz,leftsoc1,Communist Party,KPÖ,social1,Socialist Party,Sozialistische Partei Österreichs,,,,relig1,Austrian People’s Party,Österreichische Volkspartei,,,
2019,AT,Austria,29/09/2019,green1,"The-Greens  
Green Alternative","Die Grünen –  
Die Grüne Alternative",,,,leftsoc1,Communist Party,KPÖ,social1,Socialist Party,Sozialistische Partei Österreichs,,,,relig1,Austrian People’s Party,Österreichische Volkspartei,,,
1991,BE,Belgium,24/11/1991,green1,ECOLO,,green2,Green!,Groen!,,,,social3,Socialist Party,Parti socialiste,social2,Socialist Party,Socialistische Partij,relig3,Christian Social Party,Parti social-chrétien,relig2,Christian People’s Party,Christelijke Volkspartij
1995,BE,Belgium,21/05/1995,green1,ECOLO,,green2,Green!,Groen!,,,,social3,Socialist Party,Parti socialiste,social2,Socialist Party,Socialistische Partij,relig3,Christian Social Party,Parti social-chrétien,relig2,Christian People’s Party,Christelijke Volkspartij
1999,BE,Belgium,13/06/1999,green1,ECOLO,,green2,Green!,Groen!,,,,social3,Socialist Party,Parti socialiste,social2,Socialist Party,Socialistische Partij,relig3,Christian Social Party,Parti social-chrétien,relig2,Christian People’s Party,Christelijke Volkspartij
2003,BE,Belgium,18/05/2003,green1,ECOLO,,green2,Green!,Groen!,,,,social3,Socialist Party,Parti socialiste,social2,Socialist Party Different,"Socialistische Partij 
Anders",relig3,"Humanist Democratic 
Centre","Centre démocrate 
humaniste",relig2,"Christian Democratic 
and Flemish","Christen-Democratisch 
en Vlaams"
2007,BE,Belgium,10/06/2007,green1,ECOLO,,green2,Green!,Groen!,,,,social3,Socialist Party,Parti socialiste,social2,Socialist Party Different,"Socialistische Partij 
Anders",relig3,"Humanist Democratic 
Centre","Centre démocrate 
humaniste",relig2,"Christian Democratic 
and Flemish","Christen-Democratisch 
en Vlaams"
2010,BE,Belgium,13/06/2010,green1,ECOLO,,green2,Green!,Groen!,leftsoc1,Workers Party of Belgium,PTB-PVDA,social3,Socialist Party,Parti socialiste,social2,Socialist Party Different,"Socialistische Partij 
Anders",relig3,"Humanist Democratic 
Centre","Centre démocrate 
humaniste",relig2,"Christian Democratic 
and Flemish","Christen-Democratisch 
en Vlaams"
2014,BE,Belgium,25/05/2014,green1,ECOLO,,green2,Green!,Groen!,leftsoc2,Workers Party of Belgium,PTB-PVDA,social3,Socialist Party,Parti socialiste,social2,Socialist Party Different,"Socialistische Partij 
Anders",relig3,"Humanist Democratic 
Centre","Centre démocrate 
humaniste",relig2,"Christian Democratic 
and Flemish","Christen-Democratisch 
en Vlaams"
2019,BE,Belgium,26/05/2019,green1,ECOLO,,green2,Green!,Groen!,leftsoc3,Workers Party of Belgium,PTB-PVDA,social3,Socialist Party,Parti socialiste,social2,Socialist Party Different,"Socialistische Partij 
Anders",relig3,"Humanist Democratic 
Centre","Centre démocrate 
humaniste",relig2,"Christian Democratic 
and Flemish","Christen-Democratisch 
en Vlaams"
1991,,Bulgaria,13/10/1991,green1,,,,,,,,,postcom1,Coalition for Bulgaria,Koalicija za Bulgarija,,,,relig1,"Union of Democratic 
Forces","Sayuz na 
demokratichnite sili",,,
1994,,Bulgaria,18/12/1994,green1,,,,,,,,,social2,Coalition for Bulgaria,Koalicija za Bulgarija,,,,relig1,"Union of Democratic 
Forces","Sayuz na 
demokratichnite sili",,,
1997,,Bulgaria,19/04/1997,green1,,,,,,,,,social2,Bulgarian Socialist Party,"Bulgarska 
sotsialisticheska partiya",,,,relig1,"United Democratic 
Forces","Obedineni Demokratični 
Sili",,,
2001,,Bulgaria,17/06/2001,green1,,,,,,,,,leftsoc1,Bulgarian Socialist Party,"Bulgarska 
sotsialisticheska partiya",,,,relig1,"United Democratic 
Forces","Obedineni Demokratični 
Sili",,,
2005,,Bulgaria,25/06/2005,green1,,,,,,,,,leftsoc1,Bulgarian Socialist Party,"Bulgarska 
sotsialisticheska partiya",,,,relig1,"United Democratic 
Forces","Obedineni Demokratični 
Sili",,,
2009,,Bulgaria,05/07/2009,green1,The Greens,Zelenite,,,,,,,leftsoc1,Bulgarian Socialist Party,"Bulgarska 
sotsialisticheska partiya",,,,conserv1,"Citizens for the European 
Development of Bulgaria","Graždani za evropejsko 
razvitie na Bǎlgarija",,,
2013,,Bulgaria,12/05/2013,green1,The Greens,Zelenite,,,,,,,leftsoc1,Bulgarian Socialist Party,"Bulgarska 
sotsialisticheska partiya",,,,conserv1,"Citizens for the European 
Development of Bulgaria","Graždani za evropejsko 
razvitie na Bǎlgarija",,,
2014,,Bulgaria,05/10/2014,green1,The Greens,Zelenite,,,,,,,leftsoc1,Bulgarian Socialist Party,"Bulgarska 
sotsialisticheska partiya",,,,conserv1,"Citizens for the European 
Development of Bulgaria","Graždani za evropejsko 
razvitie na Bǎlgarija",,,
2017,,Bulgaria,26/03/2017,green1,The Greens,Zelenite,,,,,,,leftsoc1,Bulgarian Socialist Party,"Bulgarska 
sotsialisticheska partiya",,,,conserv1,"Citizens for the European 
Development of Bulgaria","Graždani za evropejsko 
razvitie na Bǎlgarija",,,
2021,,Bulgaria,14/11/2021,green1,Green Movement,Zeleno dvizhenie,,,,,,,leftsoc2,Bulgarian Socialist Party,"Bulgarska 
sotsialisticheska partiya",,,,conserv6,"Citizens for the European 
Development of Bulgaria","Graždani za evropejsko 
razvitie na Bǎlgarija",,,
2022,,Bulgaria,02/10/2022,green1,Green Movement,Zeleno dvizhenie,,,,,,,leftsoc2,Bulgarian Socialist Party,"Bulgarska 
sotsialisticheska partiya",,,,conserv6,"Citizens for the European 
Development of Bulgaria","Graždani za evropejsko 
razvitie na Bǎlgarija",,,
1992,,Croatia,02/08/1992,green1,,,,,,,,,social1,"Social Democratic Party 
of Croatia","Socijaldemokratska 
partija Hrvatske",,,,relig1,Croatian Democratic Union,Hrvatska demokratska zajednica,,,
1995,,Croatia,29/10/1995,green1,,,,,,,,,social1,"Social Democratic Party 
of Croatia","Socijaldemokratska 
partija Hrvatske",,,,relig1,Croatian Democratic Union,Hrvatska demokratska zajednica,,,
2000,,Croatia,03/01/2000,green1,,,,,,,,,allia1,"Social Democratic Party 
of Croatia","Socijaldemokratska 
partija Hrvatske",,,,relig1,Croatian Democratic Union,Hrvatska demokratska zajednica,,,
2003,,Croatia,23/11/2003,green1,,,,,,,,,social1,"Social Democratic Party 
of Croatia","Socijaldemokratska 
partija Hrvatske",,,,relig1,Croatian Democratic Union,Hrvatska demokratska zajednica,,,
2007,,Croatia,25/11/2007,green1,,,,,,,,,social1,"Social Democratic Party 
of Croatia","Socijaldemokratska 
partija Hrvatske",,,,relig1,Croatian Democratic Union,Hrvatska demokratska zajednica,,,
2011,,Croatia,04/12/2011,green1,,,,,,leftsoc1,Croatian Laborists Labor Party,"Hrvatski Laburisti - Stranka Rada, HL-SR",social1,People’s Coalition,Narodna koalicija,,,,relig1,Croatian Democratic Union,Hrvatska demokratska zajednica,,,
2015,,Croatia,08/11/2015,green1,,,,,,leftsoc1,Croatian Laborists Labor Party,"Hrvatski Laburisti - Stranka Rada, HL-SR",social1,Croatia is Growing,Hrvatska raste,,,,relig1,Croatian Democratic Union,Hrvatska demokratska zajednica,,,
2016,,Croatia,11/09/2016,green1,,,,,,leftsoc1,Croatian Laborists Labor Party,"Hrvatski Laburisti - Stranka Rada, HL-SR",social1,People’s Coalition,Narodna koalicija,,,,relig1,Croatian Democratic Union,Hrvatska demokratska zajednica,,,
2020,,Croatia,05/07/2020,leftsoc3,Alliance between We Can!,Mozemo!,,,,leftsoc1,Croatian Laborists Labor Party,"Hrvatski Laburisti - Stranka Rada, HL-SR",social1,Restart Coalition,Rijeke pravde,,,,relig1,Croatian Democratic Union,Hrvatska demokratska zajednica,,,
1996,,Czech Republic,01/06/1996,green1,Green Party,Strana Zelených,,,,comm2,Communist Party of Bohemia and Moravia,Komunistická strana Cech a Moravy,social1,Czech Social Democratic Party,Česká strana sociálně demokratická,,,,conserv1,Civic Democratic Party,Obcanska Demokraticka Strana,,,
1998,,Czech Republic,20/06/1998,green1,Green Party,Strana Zelených,,,,comm2,Communist Party of Bohemia and Moravia,Komunistická strana Cech a Moravy,social1,Czech Social Democratic Party,Česká strana sociálně demokratická,,,,conserv1,Civic Democratic Party,Obcanska Demokraticka Strana,,,
2002,,Czech Republic,15/06/2002,green1,Green Party,Strana Zelených,,,,comm2,Communist Party of Bohemia and Moravia,Komunistická strana Cech a Moravy,social1,Czech Social Democratic Party,Česká strana sociálně demokratická,,,,conserv1,Civic Democratic Party,Obcanska Demokraticka Strana,,,
2006,,Czech Republic,02/06/2006,green1,Green Party,Strana Zelených,,,,comm2,Communist Party of Bohemia and Moravia,Komunistická strana Cech a Moravy,social1,Czech Social Democratic Party,Česká strana sociálně demokratická,,,,conserv1,Civic Democratic Party,Obcanska Demokraticka Strana,,,
2010,,Czech Republic,29/05/2010,green1,Green Party,Strana Zelených,,,,comm2,Communist Party of Bohemia and Moravia,Komunistická strana Cech a Moravy,social1,Czech Social Democratic Party,Česká strana sociálně demokratická,,,,conserv1,Civic Democratic Party,Obcanska Demokraticka Strana,,,
2013,,Czech Republic,26/10/2013,green1,Green Party,Strana Zelených,,,,comm2,Communist Party of Bohemia and Moravia,Komunistická strana Cech a Moravy,social1,Czech Social Democratic Party,Česká strana sociálně demokratická,,,,conserv1,Civic Democratic Party,Obcanska Demokraticka Strana,,,
2017,,Czech Republic,21/10/2017,green1,Green Party,Strana Zelených,,,,comm2,Communist Party of Bohemia and Moravia,Komunistická strana Cech a Moravy,social1,Czech Social Democratic Party,Česká strana sociálně demokratická,,,,conserv1,Civic Democratic Party,Obcanska Demokraticka Strana,,,
2021,,Czech Republic,09/10/2021,green1,Green Party,Strana Zelených,,,,comm2,Communist Party of Bohemia and Moravia,Komunistická strana Cech a Moravy,social1,Czech Social Democratic Party,Česká strana sociálně demokratická,,,,allia2,SPOLU Alliance,,,,
1990,DK,Denmark,12/12/1990,leftsoc1,Socialist Peoples Party,Socialistisk Folkeparti,,,,leftsoc3,"Unity List – 
 Red Green 
Alliance","Enhedslisten – De 
Rød-Grønne",social1,Social Democracy,Socialdemokratiet,,,,liberal2,"Left, Liberal Party of Denmark","Venstre, Danmarks Liberale Parti",,,
1994,DK,Denmark,21/09/1994,leftsoc1,Socialist Peoples Party,Socialistisk Folkeparti,,,,leftsoc3,leftsoc1,"Enhedslisten – De 
Rød-Grønne",social1,Social Democracy,Socialdemokratiet,,,,liberal2,"Left, Liberal Party of Denmark","Venstre, Danmarks Liberale Parti",,,
1998,DK,Denmark,11/03/1998,leftsoc1,Socialist Peoples Party,Socialistisk Folkeparti,,,,leftsoc3,leftsoc1,"Enhedslisten – De 
Rød-Grønne",social1,Social Democracy,Socialdemokratiet,,,,liberal2,"Left, Liberal Party of Denmark","Venstre, Danmarks Liberale Parti",,,
2001,DK,Denmark,20/11/2001,leftsoc1,Socialist Peoples Party,Socialistisk Folkeparti,,,,leftsoc3,leftsoc1,"Enhedslisten – De 
Rød-Grønne",social1,Social Democracy,Socialdemokratiet,,,,liberal2,"Left, Liberal Party of Denmark","Venstre, Danmarks Liberale Parti",,,
2005,DK,Denmark,08/02/2005,leftsoc1,Socialist Peoples Party,Socialistisk Folkeparti,,,,leftsoc3,leftsoc1,"Enhedslisten – De 
Rød-Grønne",social1,Social Democracy,Socialdemokratiet,,,,liberal2,"Left, Liberal Party of Denmark","Venstre, Danmarks Liberale Parti",,,
2007,DK,Denmark,13/11/2007,leftsoc1,Socialist Peoples Party,Socialistisk Folkeparti,,,,leftsoc3,leftsoc1,"Enhedslisten – De 
Rød-Grønne",social1,Social Democracy,Socialdemokratiet,,,,liberal2,"Left, Liberal Party of Denmark","Venstre, Danmarks Liberale Parti",,,
2011,DK,Denmark,15/09/2011,leftsoc1,Socialist Peoples Party,Socialistisk Folkeparti,,,,leftsoc3,leftsoc1,"Enhedslisten – De 
Rød-Grønne",social1,Social Democracy,Socialdemokratiet,,,,liberal2,"Left, Liberal Party of Denmark","Venstre, Danmarks Liberale Parti",,,
2015,DK,Denmark,18/06/2015,leftsoc1,Socialist Peoples Party,Socialistisk Folkeparti,,,,leftsoc3,leftsoc3,"Enhedslisten – De 
Rød-Grønne",social1,Social Democracy,Socialdemokratiet,,,,liberal2,"Left, Liberal Party of Denmark","Venstre, Danmarks Liberale Parti",,,
2019,DK,Denmark,05/06/2019,leftsoc1,Socialist Peoples Party,Socialistisk Folkeparti,,,,leftsoc3,leftsoc1,"Enhedslisten – De 
Rød-Grønne",social1,Social Democracy,Socialdemokratiet,,,,liberal2,"Left, Liberal Party of Denmark","Venstre, Danmarks Liberale Parti",,,
2022,DK,Denmark,01/11/2022,leftsoc1,Socialist Peoples Party,Socialistisk Folkeparti,,,,leftsoc3,leftsoc1,"Enhedslisten – De 
Rød-Grønne",social1,Social Democracy,Socialdemokratiet,,,,liberal2,"Left, Liberal Party of Denmark","Venstre, Danmarks Liberale Parti",,,
1992,,Estonia,20/09/1992,green1,"Party of Estonian 
Greens",Eesti Rohelised,,,,,,,allia1,Popular Front,Rahvarinne,,,,conserv1,Pro Patria Union ,Isamaaliit,,,
1995,,Estonia,05/03/1995,green1,"Party of Estonian 
Greens",Eesti Rohelised,,,,,,,liberal3,Estonian Center Party,Eesti Keskerakond,,,,liberal2,Estonian Reform Party,Eesti Reformierakond,,,
1999,,Estonia,07/03/1999,green1,,,,,,,,,social2,Social Democratic Party,Sotsiaaldemokraatlik Erakond,,,,liberal2,Estonian Reform Party,Eesti Reformierakond,,,
2003,,Estonia,02/03/2003,green1,,,,,,,,,social2,Social Democratic Party,Sotsiaaldemokraatlik Erakond,,,,liberal2,Estonian Reform Party,Eesti Reformierakond,,,
2007,,Estonia,04/03/2007,green1,Estonian Greens,"Erakond Eestimaa 
Rohelised",,,,,,,social2,Social Democratic Party,Sotsiaaldemokraatlik Erakond,,,,liberal2,Estonian Reform Party,Eesti Reformierakond,,,
2011,,Estonia,06/03/2011,green1,Estonian Greens,"Erakond Eestimaa 
Rohelised",,,,,,,social2,Social Democratic Party,Sotsiaaldemokraatlik Erakond,,,,liberal2,Estonian Reform Party,Eesti Reformierakond,,,
2015,,Estonia,01/03/2015,green1,Estonian Greens,"Erakond Eestimaa 
Rohelised",,,,,,,social2,Social Democratic Party,Sotsiaaldemokraatlik Erakond,,,,liberal2,Estonian Reform Party,Eesti Reformierakond,,,
2019,,Estonia,03/03/2019,green1,Estonian Greens,"Erakond Eestimaa 
Rohelised",,,,,,,social2,Social Democratic Party,Sotsiaaldemokraatlik Erakond,,,,liberal2,Estonian Reform Party,Eesti Reformierakond,,,
2023,,Estonia,17/04/2023,green1,Estonian Greens,"Erakond Eestimaa 
Rohelised",,,,social3,United Left Party,Ühendatud Vasakpartei,social2,Social Democratic Party,Sotsiaaldemokraatlik Erakond,,,,liberal2,Estonian Reform Party,Eesti Reformierakond,,,
1991,FI,Finland,17/03/1991,green1,The Green League,Vihreä liitto,,,,comm3,Left-Wing Alliance,Vasemmistoliitto,social1,Social Democratic Party of Finland ,Suomen sosialidemokraattinen puolue,,,,conserv1,National Coalition Party,Kansallinen Kokoomus,,,
1995,FI,Finland,19/03/1995,green1,The Green League,Vihreä liitto,,,,comm3,Left-Wing Alliance,Vasemmistoliitto,social1,Social Democratic Party of Finland ,Suomen sosialidemokraattinen puolue,,,,conserv1,National Coalition Party,Kansallinen Kokoomus,,,
1999,FI,Finland,21/03/1999,green1,The Green League,Vihreä liitto,,,,comm3,Left-Wing Alliance,Vasemmistoliitto,social1,Social Democratic Party of Finland ,Suomen sosialidemokraattinen puolue,,,,conserv1,National Coalition Party,Kansallinen Kokoomus,,,
2003,FI,Finland,16/03/2003,green1,The Green League,Vihreä liitto,,,,comm3,Left-Wing Alliance,Vasemmistoliitto,social1,Social Democratic Party of Finland ,Suomen sosialidemokraattinen puolue,,,,conserv1,National Coalition Party,Kansallinen Kokoomus,,,
2007,FI,Finland,18/03/2007,green1,The Green League,Vihreä liitto,,,,comm3,Left-Wing Alliance,Vasemmistoliitto,social1,Social Democratic Party of Finland ,Suomen sosialidemokraattinen puolue,,,,conserv1,National Coalition Party,Kansallinen Kokoomus,,,
2011,FI,Finland,17/04/2011,green1,The Green League,Vihreä liitto,,,,comm3,Left-Wing Alliance,Vasemmistoliitto,social1,Social Democratic Party of Finland ,Suomen sosialidemokraattinen puolue,,,,conserv1,National Coalition Party,Kansallinen Kokoomus,,,
2015,FI,Finland,19/04/2015,green1,The Green League,Vihreä liitto,,,,comm3,Left-Wing Alliance,Vasemmistoliitto,social1,Social Democratic Party of Finland ,Suomen sosialidemokraattinen puolue,,,,conserv1,National Coalition Party,Kansallinen Kokoomus,,,
2019,FI,Finland,14/04/2019,green1,The Green League,Vihreä liitto,,,,comm3,Left-Wing Alliance,Vasemmistoliitto,social1,Social Democratic Party of Finland ,Suomen sosialidemokraattinen puolue,,,,conserv1,National Coalition Party,Kansallinen Kokoomus,,,
2023,FI,Finland,02/04/2023,green1,The Green League,Vihreä liitto,,,,comm3,Left-Wing Alliance,Vasemmistoliitto,social1,Social Democratic Party of Finland ,Suomen sosialidemokraattinen puolue,,,,conserv1,National Coalition Party,Kansallinen Kokoomus,,,
1993,FR,France,21/03/1993,green1,The Greens,Les Verts,,,,,leftsoc1,,social1,Socialist Party,Parti socialiste,,,,conserv2,Rally for the Republic ,Rassemblement pour la République,,,
1997,FR,France,25/05/1997,green1,The Greens,Les Verts,,,,comm1,French Communist Party,Parti communiste français,social1,Socialist Party,Parti socialiste,,,,conserv2,Union for a Popular Movement,Union pour un mouvement populaire,,,
2002,FR,France,09/06/2002,green1,The Greens,Les Verts,,,,comm1,French Communist Party,Parti communiste français,social1,Socialist Party,Parti socialiste,,,,conserv2,Union for a Popular Movement,Union pour un mouvement populaire,,,
2007,FR,France,10/06/2007,green1,The Greens,Les Verts,,,,comm1,French Communist Party,Parti communiste français,social1,Socialist Party,Parti socialiste,,,,conserv2,Union for a Popular Movement,Union pour un mouvement populaire,,,
2012,FR,France,10/06/2012,green1,"Europe Ecology – The 
Greens","Europe Écologie Les 
Verts",,,,comm1,Left Front,Front de gauche,social1,Socialist Party,Parti socialiste,,,,conserv2,Union for a Popular Movement,Union pour un mouvement populaire,,,
2017,FR,France,11/06/2017,green1,"Europe Ecology – The 
Greens","Europe Écologie Les 
Verts",,,,leftsoc3,Unsubmissive France,"La France insoumise, FI",social1,Socialist Party,Parti socialiste,,,,liberal3,Renaissance/The Republic on the move!,Renaissance/La République En Marche !,,,
2022,FR,France,12/06/2022,green1,"Europe Ecology – The 
Greens","Europe Écologie Les 
Verts",,,,leftsoc4,Unsubmissive France,"La France insoumise, FI",social1,Socialist Party,Parti socialiste,,,,liberal3,Renaissance/The Republic on the move!,Renaissance/La République En Marche !,,,
1990,DE,Germany,02/12/1990,green1,"Alliance 90/ The 
Greens","Bündnis 90/Die 
Grünen",,,,comm1,Party of Democratic Socialism,Partei des Demokratischen Sozialismus,social1,Social Democratic Party ,Sozialdemokratische Partei Deutschlands,,,,relig1,Christian Democratic Union,"Christlich 
Demokratische Union 
Deutschlands",relig2,Christian Social Union,"Christlich-Soziale Union 
in Bayern"
1994,DE,Germany,16/10/1994,green1,"Alliance 90/ The 
Greens","Bündnis 90/Die 
Grünen",,,,comm1,Party of Democratic Socialism,Partei des Demokratischen Sozialismus,social1,Social Democratic Party ,Sozialdemokratische Partei Deutschlands,,,,relig1,Christian Democratic Union,"Christlich 
Demokratische Union 
Deutschlands",relig2,Christian Social Union,"Christlich-Soziale Union 
in Bayern"
1998,DE,Germany,27/09/1998,green1,"Alliance 90/ The 
Greens","Bündnis 90/Die 
Grünen",,,,comm1,Party of Democratic Socialism,Partei des Demokratischen Sozialismus,social1,Social Democratic Party ,Sozialdemokratische Partei Deutschlands,,,,relig1,Christian Democratic Union,"Christlich 
Demokratische Union 
Deutschlands",relig2,Christian Social Union,"Christlich-Soziale Union 
in Bayern"
2002,DE,Germany,22/09/2002,green1,"Alliance 90/ The 
Greens","Bündnis 90/Die 
Grünen",,,,comm1,Party of Democratic Socialism,Partei des Demokratischen Sozialismus,social1,Social Democratic Party ,Sozialdemokratische Partei Deutschlands,,,,relig1,Christian Democratic Union,"Christlich 
Demokratische Union 
Deutschlands",relig2,Christian Social Union,"Christlich-Soziale Union 
in Bayern"
2005,DE,Germany,18/09/2005,green1,"Alliance 90/ The 
Greens","Bündnis 90/Die 
Grünen",,,,comm1,Party of Democratic Socialism,Partei des Demokratischen Sozialismus,social1,Social Democratic Party ,Sozialdemokratische Partei Deutschlands,,,,relig1,Christian Democratic Union,"Christlich 
Demokratische Union 
Deutschlands",relig2,Christian Social Union,"Christlich-Soziale Union 
in Bayern"
2009,DE,Germany,27/09/2009,green1,"Alliance 90/ The 
Greens","Bündnis 90/Die 
Grünen",,,,comm1,The Left,Die Linke,social1,Social Democratic Party ,Sozialdemokratische Partei Deutschlands,,,,relig1,Christian Democratic Union,"Christlich 
Demokratische Union 
Deutschlands",relig2,Christian Social Union,"Christlich-Soziale Union 
in Bayern"
2013,DE,Germany,22/09/2013,green1,"Alliance 90/ The 
Greens","Bündnis 90/Die 
Grünen",,,,comm1,The Left,Die Linke,social1,Social Democratic Party ,Sozialdemokratische Partei Deutschlands,,,,relig1,Christian Democratic Union,"Christlich 
Demokratische Union 
Deutschlands",relig2,Christian Social Union,"Christlich-Soziale Union 
in Bayern"
2017,DE,Germany,24/09/2017,green1,"Alliance 90/ The 
Greens","Bündnis 90/Die 
Grünen",,,,comm1,The Left,Die Linke,social1,Social Democratic Party ,Sozialdemokratische Partei Deutschlands,,,,relig1,Christian Democratic Union,"Christlich 
Demokratische Union 
Deutschlands",relig2,Christian Social Union,"Christlich-Soziale Union 
in Bayern"
2021,DE,Germany,26/09/2021,green1,"Alliance 90/ The 
Greens","Bündnis 90/Die 
Grünen",,,,comm1,The Left,Die Linke,social1,Social Democratic Party ,Sozialdemokratische Partei Deutschlands,,,,relig1,Christian Democratic Union,"Christlich 
Demokratische Union 
Deutschlands",relig2,Christian Social Union,"Christlich-Soziale Union 
in Bayern"
2025,DE,Germany,23/02/2025,green1,"Alliance 90/ The 
Greens","Bündnis 90/Die 
Grünen",,,,comm1,The Left,Die Linke,social1,Social Democratic Party ,Sozialdemokratische Partei Deutschlands,,,,relig1,Christian Democratic Union/Christian Social Union,"Christlich 
Demokratische Union 
Deutschlands",,,
1989,GR,Greece,18/06/1989,green1,"Federation of 
Ecologists and 
Alternative Groups","Οικολόγοι 
Εναλλακτικοί",,,,comm3,Synaspismos ,,social1,"Panhellenic Socialist 
Movement (PASOK)",Panellinio Sosialistiko Kinima,,,,conserv3,New Democracy ,Nea Dimokratia,,,
1989,GR,Greece,05/11/1989,green1,"Federation of 
Ecologists and 
Alternative Groups","Οικολόγοι 
Εναλλακτικοί",,,,comm3,Synaspismos ,,social1,"Panhellenic Socialist 
Movement (PASOK)",Panellinio Sosialistiko Kinima,,,,conserv3,New Democracy ,Nea Dimokratia,,,
1990,GR,Greece,08/04/1990,green1,"Federation of 
Ecologists and 
Alternative Groups","Οικολόγοι 
Εναλλακτικοί",,,,comm3,Synaspismos ,,social1,"Panhellenic Socialist 
Movement (PASOK)",Panellinio Sosialistiko Kinima,,,,conserv3,New Democracy ,Nea Dimokratia,,,
1993,GR,Greece,10/10/1993,green1,"Federation of 
Ecologists and 
Alternative Groups","Οικολόγοι 
Εναλλακτικοί",,,,comm1,Communist Party of Greece,,social1,"Panhellenic Socialist 
Movement (PASOK)",Panellinio Sosialistiko Kinima,,,,conserv3,New Democracy ,Nea Dimokratia,,,
1996,GR,Greece,22/09/1996,green1,"Federation of 
Ecologists and 
Alternative Groups","Οικολόγοι 
Εναλλακτικοί",,,,comm1,Communist Party of Greece,,social1,"Panhellenic Socialist 
Movement (PASOK)",Panellinio Sosialistiko Kinima,,,,conserv3,New Democracy ,Nea Dimokratia,,,
2000,GR,Greece,09/04/2000,green1,"Federation of 
Ecologists and 
Alternative Groups","Οικολόγοι 
Εναλλακτικοί",,,,comm1,Communist Party of Greece,,social1,"Panhellenic Socialist 
Movement (PASOK)",Panellinio Sosialistiko Kinima,,,,conserv3,New Democracy ,Nea Dimokratia,,,
2004,GR,Greece,07/03/2004,green1,"Federation of 
Ecologists and 
Alternative Groups","Οικολόγοι 
Εναλλακτικοί",,,,comm1,Communist Party of Greece,,social1,"Panhellenic Socialist 
Movement (PASOK)",Panellinio Sosialistiko Kinima,,,,conserv3,New Democracy ,Nea Dimokratia,,,
2007,GR,Greece,16/09/2007,green1,Ecologists Greens,Oikologoi Prasinoi,,,,comm1,Communist Party of Greece,,social1,"Panhellenic Socialist 
Movement (PASOK)",Panellinio Sosialistiko Kinima,,,,conserv3,New Democracy ,Nea Dimokratia,,,
2009,GR,Greece,04/10/2009,green1,Ecologists Greens,Oikologoi Prasinoi,,,,comm1,Communist Party of Greece,,social1,"Panhellenic Socialist 
Movement (PASOK)",Panellinio Sosialistiko Kinima,,,,conserv3,New Democracy ,Nea Dimokratia,,,
2012,GR,Greece,17/06/2012,green1,Ecologists Greens,Oikologoi Prasinoi,,,,leftsoc2,Coalition of the Radical Left,Synaspismós Rizospastikís Aristerás,social1,"Panhellenic Socialist 
Movement (PASOK)",Panellinio Sosialistiko Kinima,,,,conserv3,New Democracy ,Nea Dimokratia,,,
2012,GR,Greece,06/05/2012,green1,Ecologists Greens,Oikologoi Prasinoi,,,,leftsoc2,Coalition of the Radical Left,Synaspismós Rizospastikís Aristerás,social1,"Panhellenic Socialist 
Movement (PASOK)",Panellinio Sosialistiko Kinima,,,,conserv3,New Democracy ,Nea Dimokratia,,,
2015,GR,Greece,25/01/2015,green1,Ecologists Greens,Oikologoi Prasinoi,,,,leftsoc2,Coalition of the Radical Left,Synaspismós Rizospastikís Aristerás,social1,"Panhellenic Socialist 
Movement (PASOK)",Panellinio Sosialistiko Kinima,,,,conserv3,New Democracy ,Nea Dimokratia,,,
2015,GR,Greece,20/09/2015,green1,Ecologists Greens,Oikologoi Prasinoi,,,,leftsoc2,Coalition of the Radical Left,Synaspismós Rizospastikís Aristerás,social3,Democratic Coalition (incl PASOK),Dimokratiki Symparataxi,,,,conserv3,New Democracy ,Nea Dimokratia,,,
2019,GR,Greece,07/07/2019,green1,Ecologists Greens,Oikologoi Prasinoi,,,,leftsoc2,Coalition of the Radical Left,Synaspismós Rizospastikís Aristerás,social1,PASOK – Movement for Change,PASOK – Kínima Allagís,,,,conserv3,New Democracy ,Nea Dimokratia,,,
2023,GR,Greece,21/05/2023,green1,Ecologists Greens,Oikologoi Prasinoi,,,,leftsoc2,Coalition of the Radical Left,Synaspismós Rizospastikís Aristerás,social1,PASOK – Movement for Change,PASOK – Kínima Allagís,,,,conserv3,New Democracy ,Nea Dimokratia,,,
2023,GR,Greece,25/06/2023,green1,Ecologists Greens,Oikologoi Prasinoi,,,,leftsoc2,Coalition of the Radical Left,Synaspismós Rizospastikís Aristerás,social1,PASOK – Movement for Change,PASOK – Kínima Allagís,,,,conserv3,New Democracy ,Nea Dimokratia,,,
1990,,Hungary,08/04/1990,green1,,,,,,,,,social1,Hungarian Socialist Party ,Magyar Szocialista Párt,,,,conserv4,"Fidesz – Hungarian Civic 
Alliance","Fidesz – Magyar 
Polgári Szövetség",,,
1994,,Hungary,28/05/1994,green1,,,,,,,,,social1,Hungarian Socialist Party ,Magyar Szocialista Párt,,,,conserv4,"Fidesz – Hungarian Civic 
Alliance","Fidesz – Magyar 
Polgári Szövetség",,,
1998,,Hungary,24/05/1998,green1,,,,,,,,,social1,Hungarian Socialist Party ,Magyar Szocialista Párt,,,,conserv4,"Fidesz – Hungarian Civic 
Alliance","Fidesz – Magyar 
Polgári Szövetség",,,
2002,,Hungary,21/04/2002,green1,,,,,,,,,social1,Hungarian Socialist Party ,Magyar Szocialista Párt,,,,conserv4,"Fidesz – Hungarian Civic 
Alliance","Fidesz – Magyar 
Polgári Szövetség",,,
2006,,Hungary,23/04/2006,green1,,,,,,,,,social1,Hungarian Socialist Party ,Magyar Szocialista Párt,,,,conserv4,"Fidesz – Hungarian Civic 
Alliance","Fidesz – Magyar 
Polgári Szövetség",,,
2010,,Hungary,25/04/2010,green1,"Politics Can be 
Different",Lehet Más a Politika,,,,,,,social1,Hungarian Socialist Party ,Magyar Szocialista Párt,,,,conserv4,"Fidesz – Hungarian Civic 
Alliance","Fidesz – Magyar 
Polgári Szövetség",,,
2014,,Hungary,06/04/2014,green1,"Politics Can be 
Different",Lehet Más a Politika,,,,,,,social1,Hungarian Socialist Party ,Magyar Szocialista Párt,,,,conserv4,"Fidesz – Hungarian Civic 
Alliance","Fidesz – Magyar 
Polgári Szövetség",,,
2018,,Hungary,08/04/2018,green1,"Politics Can be 
Different",Lehet Más a Politika,,,,,,,social1,Hungarian Socialist Party ,Magyar Szocialista Párt,,,,,,,,,
2022,,Hungary,03/04/2022,green1,"Politics Can be 
Different",Lehet Más a Politika,,,,,,,social1,Hungarian Socialist Party ,Magyar Szocialista Párt,,,,,,,,,
1991,,Iceland,20/04/1991,green2,,,,,,green3,,,social3,Peoples Movement,Alþýðuflokkurinn,,,,conserv1,Independence Party,Sjálfstæðisflokkurinn,,,
1995,,Iceland,08/04/1995,green2,,,,,,green3,,,social3,Peoples Movement,Alþýðuflokkurinn,,,,conserv1,Independence Party,Sjálfstæðisflokkurinn,,,
1999,IS,Iceland,08/05/1999,green2,,,,,,green3,"Left-Green 
Movement","Vinstrihreyfingin – 
grænt framboð",leftsoc1,Social Democratic Alliance of Iceland,Samfylkingin jafnaðarmannaflokkur Íslands,,,,conserv1,Independence Party,Sjálfstæðisflokkurinn,,,
2003,IS,Iceland,10/05/2003,green2,,,,,,green3,"Left-Green 
Movement","Vinstrihreyfingin – 
grænt framboð",leftsoc1,Social Democratic Alliance of Iceland,Samfylkingin jafnaðarmannaflokkur Íslands,,,,conserv1,Independence Party,Sjálfstæðisflokkurinn,,,
2007,IS,Iceland,12/05/2007,green2,,,,,,green3,"Left-Green 
Movement","Vinstrihreyfingin – 
grænt framboð",leftsoc1,Social Democratic Alliance of Iceland,Samfylkingin jafnaðarmannaflokkur Íslands,,,,conserv1,Independence Party,Sjálfstæðisflokkurinn,,,
2009,IS,Iceland,25/04/2009,green2,,,,,,green3,"Left-Green 
Movement","Vinstrihreyfingin – 
grænt framboð",leftsoc1,Social Democratic Alliance of Iceland,Samfylkingin jafnaðarmannaflokkur Íslands,,,,conserv1,Independence Party,Sjálfstæðisflokkurinn,,,
2013,IS,Iceland,27/04/2013,green2,,,,,,green3,"Left-Green 
Movement","Vinstrihreyfingin – 
grænt framboð",leftsoc1,Social Democratic Alliance of Iceland,Samfylkingin jafnaðarmannaflokkur Íslands,,,,conserv1,Independence Party,Sjálfstæðisflokkurinn,,,
2016,IS,Iceland,29/10/2016,green2,,,,,,green3,"Left-Green 
Movement","Vinstrihreyfingin – 
grænt framboð",leftsoc1,Social Democratic Alliance of Iceland,Samfylkingin jafnaðarmannaflokkur Íslands,,,,conserv1,Independence Party,Sjálfstæðisflokkurinn,,,
2017,IS,Iceland,28/10/2017,green2,,,,,,green3,"Left-Green 
Movement","Vinstrihreyfingin – 
grænt framboð",leftsoc1,Social Democratic Alliance of Iceland,Samfylkingin jafnaðarmannaflokkur Íslands,,,,conserv1,Independence Party,Sjálfstæðisflokkurinn,,,
2021,IS,Iceland,25/09/2021,green2,,,,,,green3,"Left-Green 
Movement","Vinstrihreyfingin – 
grænt framboð",leftsoc1,Social Democratic Alliance of Iceland,Samfylkingin jafnaðarmannaflokkur Íslands,,,,conserv1,Independence Party,Sjálfstæðisflokkurinn,,,
1992,IE,Ireland,25/11/1992,green1,Green Party,Comhaontas Glas,,,,leftsoc2,Democratic Left,Daonlathas Clé,social1,Irish Labour Party,Páirtí an Lucht Oibre,,,,relig1,Family of the Irish,Fine Gael,,,
1997,IE,Ireland,06/06/1997,green1,Green Party,Comhaontas Glas,,,,leftsoc2,Democratic Left,Daonlathas Clé,social1,Irish Labour Party,Páirtí an Lucht Oibre,,,,relig1,Family of the Irish,Fine Gael,,,
2002,IE,Ireland,17/05/2002,green1,Green Party,Comhaontas Glas,,,,,,,social1,Irish Labour Party,Páirtí an Lucht Oibre,,,,relig1,Family of the Irish,Fine Gael,,,
2007,IE,Ireland,24/05/2007,green1,Green Party,Comhaontas Glas,,,,,,,social1,Irish Labour Party,Páirtí an Lucht Oibre,,,,relig1,Family of the Irish,Fine Gael,,,
2011,IE,Ireland,25/02/2011,green1,Green Party,Comhaontas Glas,,,,leftsoc3,Anti-Austerity Alliance,,social1,Irish Labour Party,Páirtí an Lucht Oibre,,,,relig1,Family of the Irish,Fine Gael,,,
2016,IE,Ireland,26/02/2016,green1,Green Party,Comhaontas Glas,,,,leftsoc4,United Left Alliance,,social1,Irish Labour Party,Páirtí an Lucht Oibre,,,,relig1,Family of the Irish,Fine Gael,,,
2020,IE,Ireland,08/02/2020,green1,Green Party,Comhaontas Glas,,,,leftsoc5,Solidarity-People Before Profit,,social1,Irish Labour Party,Páirtí an Lucht Oibre,,,,relig1,Family of the Irish,Fine Gael,,,
1992,IT,Italy,06/04/1992,green1,"Federation of the 
Greens","Federazione dei 
Verdi",,,,comm2,Communist  Refoundation Party,Partito della Rifondazione Comunista,social1,Italian Socialist Party,Partito Socialista Italiano,,,,relig1,Christian Democratic Party,Democrazia Cristiana,,,
1994,IT,Italy,28/03/1994,green1,"Federation of the 
Greens","Federazione dei 
Verdi",,,,comm2,Communist  Refoundation Party,Partito della Rifondazione Comunista,leftsoc2,"Democratic Party  
of the Left","Partito Democratico 
della Sinistra",,,,conserv1,"Go, Italy!",Forza Italia,,,
1996,IT,Italy,21/04/1996,green1,"Federation of the 
Greens","Federazione dei 
Verdi",,,,comm2,Communist  Refoundation Party,Partito della Rifondazione Comunista,leftsoc2,"Democratic Party  
of the Left","Partito Democratico 
della Sinistra",,,,conserv1,"Go, Italy!",Forza Italia,,,
2001,IT,Italy,13/05/2001,green1,"Federation of the 
Greens","Federazione dei 
Verdi",,,,comm2,Communist  Refoundation Party,Partito della Rifondazione Comunista,leftsoc2,Democrats of the Left ,Democratici di Sinistra,,,,conserv1,"Go, Italy!",Forza Italia,,,
2006,IT,Italy,10/04/2006,green1,"Federation of the 
Greens","Federazione dei 
Verdi",,,,comm2,Communist  Refoundation Party,Partito della Rifondazione Comunista,leftsoc2,Democrats of the Left ,Democratici di Sinistra,,,,conserv1,"Go, Italy!",Forza Italia,,,
2008,IT,Italy,13/04/2008,green1,"Federation of the 
Greens","Federazione dei 
Verdi",,,,comm2,Communist  Refoundation Party,Partito della Rifondazione Comunista,social4,Democratic Party,Partito Democratico,,,,conserv4,The People of Freedom,Il Popolo della Libertà,,,
2013,IT,Italy,24/02/2013,green1,"Federation of the 
Greens","Federazione dei 
Verdi",,,,comm2,Communist  Refoundation Party,Partito della Rifondazione Comunista,social4,Democratic Party,Partito Democratico,,,,conserv4,The People of Freedom,Il Popolo della Libertà,,,
2018,IT,Italy,04/03/2018,green1,"Federation of the 
Greens","Federazione dei 
Verdi",,,,leftsoc4,Free and Equal,"Liberi e Uguali, LeU",social4,Democratic Party,Partito Democratico,,,,conserv1,"Go, Italy!",Forza Italia,,,
1994,LU,Luxembourg,12/06/1994,green3,The Greens,Déi Gréng,,,,,,,social1,"Luxembourg Socialist
Workers’ Party",Lëtzebuerger Sozialistesch Aarbechterpartei,,,,relig1,"Christian Social People’s 
Party","Chrëschtlech Sozial 
Vollekspartei",,,
1999,LU,Luxembourg,13/06/1999,green3,The Greens,Déi Gréng,,,,leftsoc1,The Left,Déi Lénk,social1,"Luxembourg Socialist
Workers’ Party",Lëtzebuerger Sozialistesch Aarbechterpartei,,,,relig1,"Christian Social People’s 
Party","Chrëschtlech Sozial 
Vollekspartei",,,
2004,LU,Luxembourg,13/06/2004,green3,The Greens,Déi Gréng,,,,leftsoc1,The Left,Déi Lénk,social1,"Luxembourg Socialist
Workers’ Party",Lëtzebuerger Sozialistesch Aarbechterpartei,,,,relig1,"Christian Social People’s 
Party","Chrëschtlech Sozial 
Vollekspartei",,,
2009,LU,Luxembourg,07/06/2009,green3,The Greens,Déi Gréng,,,,leftsoc1,The Left,Déi Lénk,social1,"Luxembourg Socialist
Workers’ Party",Lëtzebuerger Sozialistesch Aarbechterpartei,,,,relig1,"Christian Social People’s 
Party","Chrëschtlech Sozial 
Vollekspartei",,,
2013,LU,Luxembourg,20/10/2013,green3,The Greens,Déi Gréng,,,,leftsoc1,The Left,Déi Lénk,social1,"Luxembourg Socialist
Workers’ Party",Lëtzebuerger Sozialistesch Aarbechterpartei,,,,relig1,"Christian Social People’s 
Party","Chrëschtlech Sozial 
Vollekspartei",,,
2018,LU,Luxembourg,14/10/2018,green3,The Greens,Déi Gréng,,,,leftsoc1,The Left,Déi Lénk,social1,"Luxembourg Socialist
Workers’ Party",Lëtzebuerger Sozialistesch Aarbechterpartei,,,,relig1,"Christian Social People’s 
Party","Chrëschtlech Sozial 
Vollekspartei",,,
1994,NL,Netherlands,03/05/1994,green1,GreenLeft,GroenLinks,,,,leftsoc2,Socialist Party,Socialistische Parti,social1,Labour Party,Partij van de Arbeid,,,,relig5,Catholic People’s Party,Katholieke Volkspartij,,,
1998,NL,Netherlands,06/05/1998,green1,GreenLeft,GroenLinks,,,,leftsoc2,Socialist Party,Socialistische Parti,social1,Labour Party,Partij van de Arbeid,,,,relig5,Catholic People’s Party,Katholieke Volkspartij,,,
2002,NL,Netherlands,15/05/2002,green1,GreenLeft,GroenLinks,,,,leftsoc2,Socialist Party,Socialistische Parti,social1,Labour Party,Partij van de Arbeid,,,,relig5,Catholic People’s Party,Katholieke Volkspartij,,,
2003,NL,Netherlands,22/01/2003,green1,GreenLeft,GroenLinks,,,,leftsoc2,Socialist Party,Socialistische Parti,social1,Labour Party,Partij van de Arbeid,,,,relig5,Catholic People’s Party,Katholieke Volkspartij,,,
2006,NL,Netherlands,22/11/2006,green1,GreenLeft,GroenLinks,,,,leftsoc2,Socialist Party,Socialistische Parti,social1,Labour Party,Partij van de Arbeid,,,,relig5,Catholic People’s Party,Katholieke Volkspartij,,,
2010,NL,Netherlands,09/06/2010,green1,GreenLeft,GroenLinks,,,,leftsoc2,Socialist Party,Socialistische Parti,social1,Labour Party,Partij van de Arbeid,,,,liberal1,Peoples Party for Freedom and Democracy,Volkspartij voor Vrijheid en Democratie,,,
2012,NL,Netherlands,12/09/2012,green1,GreenLeft,GroenLinks,,,,leftsoc2,Socialist Party,Socialistische Parti,social1,Labour Party,Partij van de Arbeid,,,,liberal1,Peoples Party for Freedom and Democracy,Volkspartij voor Vrijheid en Democratie,,,
2017,NL,Netherlands,15/03/2017,green1,GreenLeft,GroenLinks,,,,leftsoc2,Socialist Party,Socialistische Parti,social1,Labour Party,Partij van de Arbeid,,,,liberal1,Peoples Party for Freedom and Democracy,Volkspartij voor Vrijheid en Democratie,,,
2021,NL,Netherlands,17/03/2021,green1,GreenLeft,GroenLinks,,,,leftsoc2,Socialist Party,Socialistische Parti,social1,Labour Party,Partij van de Arbeid,,,,liberal1,Peoples Party for Freedom and Democracy,Volkspartij voor Vrijheid en Democratie,,,
1993,NO,Norway,13/09/1993,green1,The Greens,"Miljøpartiet Dei 
Grøne",,,,leftsoc1,Socialist Left Party,Sosialistisk Venstreparti,social1,Norwegian Labour Party,Det norske arbeiderparti,,,,conserv1,Right,Høgre,,,
1997,NO,Norway,16/09/1997,green1,The Greens,"Miljøpartiet Dei 
Grøne",,,,leftsoc1,Socialist Left Party,Sosialistisk Venstreparti,social1,Norwegian Labour Party,Det norske arbeiderparti,,,,conserv1,Right,Høgre,,,
2001,NO,Norway,10/09/2001,green1,The Greens,"Miljøpartiet Dei 
Grøne",,,,leftsoc1,Socialist Left Party,Sosialistisk Venstreparti,social1,Norwegian Labour Party,Det norske arbeiderparti,,,,conserv1,Right,Høgre,,,
2005,NO,Norway,12/09/2005,green1,The Greens,"Miljøpartiet Dei 
Grøne",,,,leftsoc1,Socialist Left Party,Sosialistisk Venstreparti,social1,Norwegian Labour Party,Det norske arbeiderparti,,,,conserv1,Right,Høgre,,,
2009,NO,Norway,14/09/2009,green1,The Greens,"Miljøpartiet Dei 
Grøne",,,,leftsoc1,Socialist Left Party,Sosialistisk Venstreparti,social1,Norwegian Labour Party,Det norske arbeiderparti,,,,conserv1,Right,Høgre,,,
2013,NO,Norway,09/09/2013,green1,The Greens,"Miljøpartiet Dei 
Grøne",,,,leftsoc1,Socialist Left Party,Sosialistisk Venstreparti,social1,Norwegian Labour Party,Det norske arbeiderparti,,,,conserv1,Right,Høgre,,,
2017,NO,Norway,11/09/2017,green1,The Greens,"Miljøpartiet Dei 
Grøne",,,,leftsoc1,Socialist Left Party,Sosialistisk Venstreparti,social1,Norwegian Labour Party,Det norske arbeiderparti,,,,conserv1,Right,Høgre,,,
2021,NO,Norway,13/09/2021,green1,The Greens,"Miljøpartiet Dei 
Grøne",,,,leftsoc1,Socialist Left Party,Sosialistisk Venstreparti,social1,Norwegian Labour Party,Det norske arbeiderparti,,,,conserv1,Right,Høgre,,,
1991,,Poland,27/10/1991,green1,,,,,,,,,social3,Democratic Left Alliance,"Sojusz Lewicy 
Demokratycznej",,,,liberal1,Democratic Union,Unia Demokratyczna,,,
1993,,Poland,19/09/1993,green1,,,,,,,,,social3,Democratic Left Alliance,"Sojusz Lewicy 
Demokratycznej",,,,liberal1,Democratic Union,Unia Demokratyczna,,,
1997,,Poland,21/09/1997,green1,,,,,,,,,social3,Democratic Left Alliance,"Sojusz Lewicy 
Demokratycznej",,,,relig5,"Solidarity Electoral 
Alliance","Akcja Wyborcza 
Solidarność",,,
2001,,Poland,23/09/2001,green1,,,,,,,,,social3,Democratic Left Alliance,"Sojusz Lewicy 
Demokratycznej",,,,liberal5,Civic Platform,Platforma Obywatelska,,,
2005,,Poland,25/09/2005,green1,,,,,,,,,social3,Democratic Left Alliance,"Sojusz Lewicy 
Demokratycznej",,,,liberal5,Civic Platform,Platforma Obywatelska,,,
2007,,Poland,21/10/2007,green1,,,,,,,,,social3,Democratic Left Alliance,"Sojusz Lewicy 
Demokratycznej",,,,liberal5,Civic Platform,Platforma Obywatelska,,,
2011,,Poland,09/10/2011,green1,,,,,,,,,social3,Democratic Left Alliance,"Sojusz Lewicy 
Demokratycznej",,,,liberal5,Civic Platform,Platforma Obywatelska,,,
2015,,Poland,25/10/2015,green1,,,,,,,,,social7,United Left,Zjednoczona Lewica,,,,liberal5,Civic Platform,Platforma Obywatelska,,,
2019,,Poland,13/10/2019,green1,,,,,,,,,social3,Democratic Left Alliance,"Sojusz Lewicy 
Demokratycznej",,,,liberal5,Civic Platform,Platforma Obywatelska,,,
2023,,Poland,15/10/2023,green1,,,,,,,,,social8,New Left,Nowa Lewica,,,,liberal5,Civic Platform,Platforma Obywatelska,,,
1991,PT,Portugal,06/10/1991,green1,"Ecologist Party –  
“The Greens” ","Partido Ecologista 
""Os Verdes""",,,,leftsoc1,Popular Democratic Union,,social1,Socialist Party,Partido Socialista,,,,liberal1,Social Democratic Party,Partido Social Democrata,,,
1995,PT,Portugal,01/10/1995,green1,"Ecologist Party –  
“The Greens” ","Partido Ecologista 
""Os Verdes""",,,,leftsoc1,Popular Democratic Union,,social1,Socialist Party,Partido Socialista,,,,liberal1,Social Democratic Party,Partido Social Democrata,,,
1999,PT,Portugal,10/10/1999,green1,"Ecologist Party –  
“The Greens” ","Partido Ecologista 
""Os Verdes""",,,,leftsoc2,Block of the Left ,Bloco de Esquerda,social1,Socialist Party,Partido Socialista,,,,liberal1,Social Democratic Party,Partido Social Democrata,,,
2002,PT,Portugal,17/03/2002,green1,"Ecologist Party –  
“The Greens” ","Partido Ecologista 
""Os Verdes""",,,,leftsoc2,Block of the Left ,Bloco de Esquerda,social1,Socialist Party,Partido Socialista,,,,liberal1,Social Democratic Party,Partido Social Democrata,,,
2005,PT,Portugal,20/02/2005,green1,"Ecologist Party –  
“The Greens” ","Partido Ecologista 
""Os Verdes""",,,,leftsoc2,Block of the Left ,Bloco de Esquerda,social1,Socialist Party,Partido Socialista,,,,liberal1,Social Democratic Party,Partido Social Democrata,,,
2009,PT,Portugal,27/09/2009,green1,"Ecologist Party –  
“The Greens” ","Partido Ecologista 
""Os Verdes""",,,,leftsoc2,Block of the Left ,Bloco de Esquerda,social1,Socialist Party,Partido Socialista,,,,liberal1,Social Democratic Party,Partido Social Democrata,,,
2011,PT,Portugal,05/06/2011,green1,"Ecologist Party –  
“The Greens” ","Partido Ecologista 
""Os Verdes""",,,,leftsoc2,Block of the Left ,Bloco de Esquerda,social1,Socialist Party,Partido Socialista,,,,liberal1,Social Democratic Party,Partido Social Democrata,,,
2015,PT,Portugal,04/10/2015,green1,"Ecologist Party –  
“The Greens” ","Partido Ecologista 
""Os Verdes""",,,,leftsoc2,Block of the Left ,Bloco de Esquerda,social1,Socialist Party,Partido Socialista,,,,liberal1,Social Democratic Party,Partido Social Democrata,,,
2019,PT,Portugal,06/10/2019,green1,"Ecologist Party –  
“The Greens” ","Partido Ecologista 
""Os Verdes""",,,,leftsoc2,Block of the Left ,Bloco de Esquerda,social1,Socialist Party,Partido Socialista,,,,liberal1,Social Democratic Party,Partido Social Democrata,,,
2022,PT,Portugal,30/01/2022,green1,"Ecologist Party –  
“The Greens” ","Partido Ecologista 
""Os Verdes""",,,,leftsoc2,Block of the Left ,Bloco de Esquerda,social1,Socialist Party,Partido Socialista,,,,liberal1,Social Democratic Party,Partido Social Democrata,,,
1990,,Romania,20/05/1990,green1,"Ecological Movement 
of Romania","Mișcarea Ecologistă 
din România",,,,,,,social1,National Salvation Front,Frontul Salvării Naționale,,,,liberal1,National Liberal Party,Partidul Național Liberal,,,
1992,,Romania,27/09/1992,green1,"Ecological Movement 
of Romania","Mișcarea Ecologistă 
din România",,,,,,,social1,Democratic National Salvation Party,Frontul Democrat al Salvării Nationale,,,,allia1,Romanian Democratic Convention,Convenţia Democrată Română,,,
1996,,Romania,17/11/1996,green1,,,,,,,,,social1,Social Democratic Party,Partidul Social Democrat,,,,allia1,Romanian Democratic Convention,Convenţia Democrată Română,,,
2000,,Romania,26/11/2000,green1,,,,,,,,,social1,"Social Democratic Pole 
of Romania","Polul Democrației 
Sociale",,,,social2,Democratic Party ,Partidul Democrat,,,
2004,,Romania,28/11/2004,green1,,,,,,,,,social1,Social Democratic Party,Partidul Social Democrat,,,,liberal2,"Truth and Justice 
Alliance",Alianţa Dreptate i Adevăr,,,
2008,,Romania,30/11/2008,green1,,,,,,,,,social1,Social Democratic Party,Partidul Social Democrat,,,,liberal3,Democratic Liberal Party,Partidul Democrat Liberal,,,
2012,,Romania,09/12/2012,green1,,,,,,,,,allia2,Social Liberal Union,"Uniunea Social 
Liberală",,,,liberal3,Democratic Liberal Party,Partidul Democrat Liberal,,,
2016,,Romania,11/12/2016,green1,,,,,,,,,social1,Social Democratic Party,Partidul Social Democrat,,,,liberal1,National Liberal Party,Partidul Național Liberal,,,
2020,,Romania,06/12/2020,green1,,,,,,,,,social1,Social Democratic Party,Partidul Social Democrat,,,,liberal1,National Liberal Party,Partidul Național Liberal,,,
1994,,Slovakia,01/10/1994,green2,,,,,,,,,postcom1,Party of Democratic Left ,"Strana demokratickej 
ľavice",,,,right2,"Movement for a 
Democratic Slovakia",Hnutie za demokratické Slovensko,,,
1998,,Slovakia,01/10/1998,green2,,,,,,,,,leftsoc1,Party of Democratic Left ,"Strana demokratickej 
ľavice",,,,right2,"Movement for a 
Democratic Slovakia",Hnutie za demokratické Slovensko,,,
2002,,Slovakia,21/09/2002,green2,,,,,,comm1,Communist Party of Slovakia,Komunistická strana Slovenska,social3,"Direction –  
Social Democracy ","Smer – sociálna 
demokracia",,,,right2,"Movement for a 
Democratic Slovakia",Hnutie za demokratické Slovensko,,,
2006,,Slovakia,17/06/2006,green2,,,,,,comm1,Communist Party of Slovakia,Komunistická strana Slovenska,social3,"Direction –  
Social Democracy ","Smer – sociálna 
demokracia",,,,relig2,Democratic and Christian Union,Slovenská demokratická a kresťanská únia,,,
2010,,Slovakia,12/06/2010,green2,,,,,,comm1,Communist Party of Slovakia,Komunistická strana Slovenska,social3,"Direction –  
Social Democracy ","Smer – sociálna 
demokracia",,,,relig2,Democratic and Christian Union,Slovenská demokratická a kresťanská únia,,,
2012,,Slovakia,10/03/2012,green2,,,,,,,,,social3,"Direction –  
Social Democracy ","Smer – sociálna 
demokracia",,,,relig1,Christian Democratic Movement,Kresťanskodemokratick é hnutie,,,
2016,,Slovakia,05/03/2016,green2,,,,,,,,,social3,"Direction –  
Social Democracy ","Smer – sociálna 
demokracia",,,,liberal8,Freedom and Solidarity,Sloboda a Solidarita,,,
2020,,Slovakia,29/02/2020,green2,,,,,,,,,social3,"Direction –  
Social Democracy ","Smer – sociálna 
demokracia",,,,conserv1,Ordinary People and Independent Personalities,Obyajní udia a nezávislé osobnosti,,,
1992,,Slovenia,06/12/1992,green1,Greens of Slovenia,Zeleni Slovenije,,,,,,,liberal1,Liberal Democracy of Slovenia,"Liberalna demokracija 
Slovenije",,,,relig1,"Slovene  
Christian Democrats",Slovenski krščanski demokrati,,,
1996,,Slovenia,10/11/1996,green1,Greens of Slovenia,Zeleni Slovenije,,,,,,,liberal2,Liberal Democracy of Slovenia,"Liberalna demokracija 
Slovenije",,,,agrarian1,Slovenian People’s Party,"Slovenska ljudska 
stranka",,,
2000,,Slovenia,15/10/2000,green1,Greens of Slovenia,Zeleni Slovenije,,,,,,,liberal3,Liberal Democracy of Slovenia,"Liberalna demokracija 
Slovenije",,,,right2,"Social Democratic Party 
of Slovenia","Socialdemokratska 
stranka Slovenije",,,
2004,,Slovenia,03/10/2004,green1,Greens of Slovenia,Zeleni Slovenije,,,,,,,liberal4,Liberal Democracy of Slovenia,"Liberalna demokracija 
Slovenije",,,,right2,"Slovenian  
Democratic Party","Slovenska demokratska 
stranka",,,
2008,,Slovenia,21/09/2008,green1,Greens of Slovenia,Zeleni Slovenije,,,,,,,social2,Social Democrats,Socialni demokrati,,,,right2,"Slovenian  
Democratic Party","Slovenska demokratska 
stranka",,,
2011,,Slovenia,04/12/2011,green1,Greens of Slovenia,Zeleni Slovenije,,,,,,,social5,Positive Slovenia,Pozitivna Slovenija,,,,right2,"Slovenian  
Democratic Party","Slovenska demokratska 
stranka",,,
2014,,Slovenia,13/07/2014,green1,Greens of Slovenia,Zeleni Slovenije,,,,leftsoc1,United Left,Združena levica,social2,Social Democrats,Socialni demokrati,,,,right2,"Slovenian  
Democratic Party","Slovenska demokratska 
stranka",,,
2018,,Slovenia,03/06/2018,green1,Greens of Slovenia,Zeleni Slovenije,,,,leftsoc1,The Left,Levica,social2,Social Democrats,Socialni demokrati,,,,right2,"Slovenian  
Democratic Party","Slovenska demokratska 
stranka",,,
1993,ES,Spain,06/06/1993,green1,,,,,,comm1,United Left,Izquierda Unida,social1,Spanish Socialist Worker’s Party,"Partido Socialista 
Obrero Español",,,,conserv2,People’s Party,Partido Popular,,,
1996,ES,Spain,03/03/1996,green1,,,,,,comm1,United Left,Izquierda Unida,social1,Spanish Socialist Worker’s Party,"Partido Socialista 
Obrero Español",,,,conserv2,People’s Party,Partido Popular,,,
2000,ES,Spain,12/03/2000,green1,,,,,,comm1,United Left,Izquierda Unida,social1,Spanish Socialist Worker’s Party,"Partido Socialista 
Obrero Español",,,,conserv2,People’s Party,Partido Popular,,,
2004,ES,Spain,14/03/2004,green1,,,,,,comm1,United Left,Izquierda Unida,social1,Spanish Socialist Worker’s Party,"Partido Socialista 
Obrero Español",,,,conserv2,People’s Party,Partido Popular,,,
2008,ES,Spain,09/03/2008,green1,,,,,,comm1,United Left,Izquierda Unida,social1,Spanish Socialist Worker’s Party,"Partido Socialista 
Obrero Español",,,,conserv2,People’s Party,Partido Popular,,,
2011,ES,Spain,20/11/2011,green1,,,,,,comm1,United Left,Izquierda Unida,social1,Spanish Socialist Worker’s Party,"Partido Socialista 
Obrero Español",,,,conserv2,People’s Party,Partido Popular,,,
2015,ES,Spain,20/12/2015,green1,Verdes Equo,,,,,leftsoc1,We Can,Podemos,social1,Spanish Socialist Worker’s Party,"Partido Socialista 
Obrero Español",,,,conserv2,People’s Party,Partido Popular,,,
2016,ES,Spain,26/06/2016,green1,Verdes Equo,,,,,leftsoc1,United We Can,Unidas Podemos,social1,Spanish Socialist Worker’s Party,"Partido Socialista 
Obrero Español",,,,conserv2,People’s Party,Partido Popular,,,
2019,ES,Spain,10/11/2019,green1,Verdes Equo,,,,,leftsoc1,United We Can,Unidas Podemos,social1,Spanish Socialist Worker’s Party,"Partido Socialista 
Obrero Español",,,,conserv2,People’s Party,Partido Popular,,,
2019,ES,Spain,28/04/2019,green1,Verdes Equo,,,,,leftsoc1,United We Can,Unidas Podemos,social1,Spanish Socialist Worker’s Party,"Partido Socialista 
Obrero Español",,,,conserv2,People’s Party,Partido Popular,,,
2023,ES,Spain,23/07/2023,green1,Verdes Equo,,,,,leftsoc3,Sum up,Sumar,social1,Spanish Socialist Worker’s Party,"Partido Socialista 
Obrero Español",,,,conserv2,People’s Party,Partido Popular,,,
1991,SE,Sweden,15/09/1991,green1,"Environmental Party - 
The Greens ",Miljöpartiet de gröna,,,,leftsoc1,Left Party,Vänsterpartiet,social1,Social Democratic Workers’ Party of Sweden,,,,,conserv1,Moderate Coalition Party,Moderata samlingspartiet,,,
1994,SE,Sweden,18/09/1994,green1,"Environmental Party - 
The Greens ",Miljöpartiet de gröna,,,,leftsoc1,Left Party,Vänsterpartiet,social1,Social Democratic Workers’ Party of Sweden,,,,,conserv1,Moderate Coalition Party,Moderata samlingspartiet,,,
1998,SE,Sweden,21/09/1998,green1,"Environmental Party - 
The Greens ",Miljöpartiet de gröna,,,,leftsoc1,Left Party,Vänsterpartiet,social1,Social Democratic Workers’ Party of Sweden,,,,,conserv1,Moderate Coalition Party,Moderata samlingspartiet,,,
2002,SE,Sweden,15/09/2002,green1,"Environmental Party - 
The Greens ",Miljöpartiet de gröna,,,,leftsoc1,Left Party,Vänsterpartiet,social1,Social Democratic Workers’ Party of Sweden,,,,,conserv1,Moderate Coalition Party,Moderata samlingspartiet,,,
2006,SE,Sweden,17/09/2006,green1,"Environmental Party - 
The Greens ",Miljöpartiet de gröna,,,,leftsoc1,Left Party,Vänsterpartiet,social1,Social Democratic Workers’ Party of Sweden,,,,,conserv1,Moderate Coalition Party,Moderata samlingspartiet,,,
2010,SE,Sweden,19/09/2010,green1,"Environmental Party - 
The Greens ",Miljöpartiet de gröna,,,,leftsoc1,Left Party,Vänsterpartiet,social1,Social Democratic Workers’ Party of Sweden,,,,,conserv1,Moderate Coalition Party,Moderata samlingspartiet,,,
2014,SE,Sweden,14/09/2014,green1,"Environmental Party - 
The Greens ",Miljöpartiet de gröna,,,,leftsoc1,Left Party,Vänsterpartiet,social1,Social Democratic Workers’ Party of Sweden,,,,,conserv1,Moderate Coalition Party,Moderata samlingspartiet,,,
2018,SE,Sweden,09/09/2018,green1,"Environmental Party - 
The Greens ",Miljöpartiet de gröna,,,,leftsoc1,Left Party,Vänsterpartiet,social1,Social Democratic Workers’ Party of Sweden,,,,,conserv1,Moderate Coalition Party,Moderata samlingspartiet,,,
2022,SE,Sweden,11/09/2022,green1,"Environmental Party - 
The Greens ",Miljöpartiet de gröna,,,,leftsoc1,Left Party,Vänsterpartiet,social1,Social Democratic Workers’ Party of Sweden,,,,,conserv1,Moderate Coalition Party,Moderata samlingspartiet,,,
1991,CH,Switzerland,20/10/1991,green1,"Green Party of 
Switzerland","Grüne Partei der 
Schweiz",,,,leftsoc1,Swiss Party of Labour ,Partei der Arbeit der Schweiz,social1,"Social Democratic Party 
of Switzerland","Sozialdemokratische 
Partei der Schweiz",,,,liberal1,"Free Democratic Party of 
Switzerland ","Freisinnig
Demokratische Partei",,,
1995,CH,Switzerland,22/10/1995,green1,"Green Party of 
Switzerland","Grüne Partei der 
Schweiz",,,,leftsoc1,Swiss Party of Labour ,Partei der Arbeit der Schweiz,social1,"Social Democratic Party 
of Switzerland","Sozialdemokratische 
Partei der Schweiz",,,,liberal1,"Free Democratic Party of 
Switzerland ","Freisinnig
Demokratische Partei",,,
1999,CH,Switzerland,24/10/1999,green1,"Green Party of 
Switzerland","Grüne Partei der 
Schweiz",,,,leftsoc1,Swiss Party of Labour ,Partei der Arbeit der Schweiz,social1,"Social Democratic Party 
of Switzerland","Sozialdemokratische 
Partei der Schweiz",,,,liberal1,"Free Democratic Party of 
Switzerland ","Freisinnig
Demokratische Partei",,,
2003,CH,Switzerland,19/10/2003,green1,"Green Party of 
Switzerland","Grüne Partei der 
Schweiz",,,,leftsoc1,Swiss Party of Labour ,Partei der Arbeit der Schweiz,social1,"Social Democratic Party 
of Switzerland","Sozialdemokratische 
Partei der Schweiz",,,,liberal1,"Free Democratic Party of 
Switzerland ","Freisinnig
Demokratische Partei",,,
2007,CH,Switzerland,21/10/2007,green1,"Green Party of 
Switzerland","Grüne Partei der 
Schweiz",,,,leftsoc1,Swiss Party of Labour ,Partei der Arbeit der Schweiz,social1,"Social Democratic Party 
of Switzerland","Sozialdemokratische 
Partei der Schweiz",,,,liberal1,"Free Democratic Party of 
Switzerland ","Freisinnig
Demokratische Partei",,,
2011,CH,Switzerland,23/10/2011,green1,"Green Party of 
Switzerland","Grüne Partei der 
Schweiz",green2,"Green Liberal Party of 
Switzerland","Grünliberale Partei 
der Schweiz",leftsoc1,Swiss Party of Labour ,Partei der Arbeit der Schweiz,social1,"Social Democratic Party 
of Switzerland","Sozialdemokratische 
Partei der Schweiz",,,,liberal1,FDP: The Liberals,FDP: Die Liberalen,,,
2015,CH,Switzerland,18/10/2015,green1,"Green Party of 
Switzerland","Grüne Partei der 
Schweiz",green2,"Green Liberal Party of 
Switzerland","Grünliberale Partei 
der Schweiz",leftsoc1,Swiss Party of Labour ,Partei der Arbeit der Schweiz,social1,"Social Democratic Party 
of Switzerland","Sozialdemokratische 
Partei der Schweiz",,,,liberal1,FDP: The Liberals,FDP: Die Liberalen,,,
2019,CH,Switzerland,20/10/2019,green1,"Green Party of 
Switzerland","Grüne Partei der 
Schweiz",green2,"Green Liberal Party of 
Switzerland","Grünliberale Partei 
der Schweiz",leftsoc1,Swiss Party of Labour ,Partei der Arbeit der Schweiz,social1,"Social Democratic Party 
of Switzerland","Sozialdemokratische 
Partei der Schweiz",,,,liberal1,FDP: The Liberals,FDP: Die Liberalen,,,
1992,,United Kingdom,09/04/1992,green1,"Green Party of England 
and Wales",,,,,,,,social1,Labour Party,,,,,conserv1,Conservative and Unionist Party,,,,
1997,,United Kingdom,01/05/1997,green1,"Green Party of England 
and Wales",,,,,,,,social1,Labour Party,,,,,conserv1,Conservative and Unionist Party,,,,
2001,,United Kingdom,07/06/2001,green1,"Green Party of England 
and Wales",,,,,,,,social1,Labour Party,,,,,conserv1,Conservative and Unionist Party,,,,
2005,,United Kingdom,05/05/2005,green1,"Green Party of England 
and Wales",,,,,,,,social1,Labour Party,,,,,conserv1,Conservative and Unionist Party,,,,
2010,,United Kingdom,06/05/2010,green1,"Green Party of England 
and Wales",,,,,,,,social1,Labour Party,,,,,conserv1,Conservative and Unionist Party,,,,
2015,,United Kingdom,07/05/2015,green1,"Green Party of England 
and Wales",,,,,,,,social1,Labour Party,,,,,conserv1,Conservative and Unionist Party,,,,
2017,,United Kingdom,08/06/2017,green1,"Green Party of England 
and Wales",,,,,,,,social1,Labour Party,,,,,conserv1,Conservative and Unionist Party,,,,
2019,,United Kingdom,12/12/2019,green1,"Green Party of England 
and Wales",,,,,,,,social1,Labour Party,,,,,conserv1,Conservative and Unionist Party,,,,
2024,,United Kingdom,12/12/2019,green1,"Green Party of England 
and Wales",,,,,,,,social1,Labour Party,,,,,conserv1,Conservative and Unionist Party,,,,
